Date,Product,Price (INR)
2025-06-17 16:49:16,U.S. POLO ASSN. Men Lace Up Sneaker Shoes,2492
2025-06-17 16:49:24,Titan Neo Analog Silver Dial Men's Watch NN1733KM03/NP1733KM03,6716
2025-06-17 16:50:28,U.S. POLO ASSN. Men Lace Up Sneaker Shoes,2492
2025-06-17 16:50:37,Titan Neo Analog Silver Dial Men's Watch NN1733KM03/NP1733KM03,6716
2025-06-17 16:53:30,U.S. POLO ASSN. Men Lace Up Sneaker Shoes,2492
2025-06-17 16:54:43,U.S. POLO ASSN. Men Lace Up Sneaker Shoes,2492
2025-06-17 16:55:55,U.S. POLO ASSN. Men Lace Up Sneaker Shoes,2492
2025-06-17 16:57:08,U.S. POLO ASSN. Men Lace Up Sneaker Shoes,2492
2025-06-17 20:29:21,U.S. POLO ASSN. Men Lace Up Sneaker Shoes,2492
2025-06-17 20:29:29,Titan Neo Analog Silver Dial Men's Watch NN1733KM03/NP1733KM03,6716
2025-06-17 20:30:34,U.S. POLO ASSN. Men Lace Up Sneaker Shoes,2492
2025-06-17 20:31:38,U.S. POLO ASSN. Men Lace Up Sneaker Shoes,2492
2025-06-17 20:32:43,U.S. POLO ASSN. Men Lace Up Sneaker Shoes,2492
2025-06-17 20:33:46,U.S. POLO ASSN. Men Lace Up Sneaker Shoes,2492
2025-06-17 20:34:50,U.S. POLO ASSN. Men Lace Up Sneaker Shoes,2492
2025-06-17 20:35:54,U.S. POLO ASSN. Men Lace Up Sneaker Shoes,2492
2025-06-17 20:36:59,U.S. POLO ASSN. Men Lace Up Sneaker Shoes,2492
2025-06-17 20:38:03,U.S. POLO ASSN. Men Lace Up Sneaker Shoes,2492
2025-06-17 20:39:07,U.S. POLO ASSN. Men Lace Up Sneaker Shoes,2492
2025-06-17 20:40:11,U.S. POLO ASSN. Men Lace Up Sneaker Shoes,2492
2025-06-17 20:41:15,U.S. POLO ASSN. Men Lace Up Sneaker Shoes,2492
2025-06-17 20:42:20,U.S. POLO ASSN. Men Lace Up Sneaker Shoes,2492
2025-06-19 09:03:17,U.S. POLO ASSN. Men Lace Up Sneaker Shoes,2492
2025-06-19 09:04:21,U.S. POLO ASSN. Men Lace Up Sneaker Shoes,2492
2025-06-19 09:05:26,U.S. POLO ASSN. Men Lace Up Sneaker Shoes,2492
2025-06-19 09:06:31,U.S. POLO ASSN. Men Lace Up Sneaker Shoes,2492
2025-06-19 09:07:36,U.S. POLO ASSN. Men Lace Up Sneaker Shoes,2492
2025-06-19 09:08:42,U.S. POLO ASSN. Men Lace Up Sneaker Shoes,2492
2025-06-19 09:09:47,U.S. POLO ASSN. Men Lace Up Sneaker Shoes,2492
2025-06-19 09:10:53,U.S. POLO ASSN. Men Lace Up Sneaker Shoes,2492
2025-06-19 09:12:02,U.S. POLO ASSN. Men Lace Up Sneaker Shoes,2492
2025-06-19 09:13:12,U.S. POLO ASSN. Men Lace Up Sneaker Shoes,2492
2025-06-19 09:14:56,U.S. POLO ASSN. Men Lace Up Sneaker Shoes,2492
2025-06-19 09:15:01,"Bella Vita Luxury CEO MAN Long Lasting Perfume for Men | EDP 100ml | Lemon, Lavender, Tonka, Mandarin & Vetiver | Woody, Citrus Premium Fragrance | Ideal for Every Moment",474
2025-06-19 09:16:05,U.S. POLO ASSN. Men Lace Up Sneaker Shoes,2492
2025-06-19 09:16:10,"Bella Vita Luxury CEO MAN Long Lasting Perfume for Men | EDP 100ml | Lemon, Lavender, Tonka, Mandarin & Vetiver | Woody, Citrus Premium Fragrance | Ideal for Every Moment",474
2025-06-19 09:17:14,U.S. POLO ASSN. Men Lace Up Sneaker Shoes,2492
2025-06-19 09:17:19,"Bella Vita Luxury CEO MAN Long Lasting Perfume for Men | EDP 100ml | Lemon, Lavender, Tonka, Mandarin & Vetiver | Woody, Citrus Premium Fragrance | Ideal for Every Moment",474
2025-06-19 09:18:23,U.S. POLO ASSN. Men Lace Up Sneaker Shoes,2492
2025-06-19 09:18:29,"Bella Vita Luxury CEO MAN Long Lasting Perfume for Men | EDP 100ml | Lemon, Lavender, Tonka, Mandarin & Vetiver | Woody, Citrus Premium Fragrance | Ideal for Every Moment",474
2025-06-19 09:19:33,U.S. POLO ASSN. Men Lace Up Sneaker Shoes,2492
2025-06-19 09:19:38,"Bella Vita Luxury CEO MAN Long Lasting Perfume for Men | EDP 100ml | Lemon, Lavender, Tonka, Mandarin & Vetiver | Woody, Citrus Premium Fragrance | Ideal for Every Moment",474
2025-06-19 10:59:48,U.S. POLO ASSN. Men Lace Up Sneaker Shoes,2492
2025-06-19 11:00:56,U.S. POLO ASSN. Men Lace Up Sneaker Shoes,2492
2025-06-19 11:02:02,U.S. POLO ASSN. Men Lace Up Sneaker Shoes,2492
2025-06-19 11:03:11,U.S. POLO ASSN. Men Lace Up Sneaker Shoes,2492
2025-06-19 11:05:30,U.S. POLO ASSN. Men Lace Up Sneaker Shoes,2492
2025-06-19 11:06:36,U.S. POLO ASSN. Men Lace Up Sneaker Shoes,2492
2025-06-19 11:07:40,U.S. POLO ASSN. Men Lace Up Sneaker Shoes,2492
2025-06-19 11:08:45,U.S. POLO ASSN. Men Lace Up Sneaker Shoes,2492
2025-06-19 11:11:15,U.S. POLO ASSN. Men Lace Up Sneaker Shoes,2492
2025-06-19 11:12:20,U.S. POLO ASSN. Men Lace Up Sneaker Shoes,2492
2025-06-19 11:12:22,"BELLAVITA ELITE MAN perfume with Citrus, Aromatic & Woody Notes|Long Lasting Scent| Eau de Parfum  -  100 ml(For Men)",499
2025-06-19 11:13:26,U.S. POLO ASSN. Men Lace Up Sneaker Shoes,2492
2025-06-19 11:14:30,U.S. POLO ASSN. Men Lace Up Sneaker Shoes,2492
2025-06-19 11:15:35,U.S. POLO ASSN. Men Lace Up Sneaker Shoes,2492
2025-06-19 11:15:36,"BELLAVITA ELITE MAN perfume with Citrus, Aromatic & Woody Notes|Long Lasting Scent| Eau de Parfum  -  100 ml(For Men)",499
2025-06-19 11:16:41,U.S. POLO ASSN. Men Lace Up Sneaker Shoes,2492
2025-06-19 11:16:42,"BELLAVITA ELITE MAN perfume with Citrus, Aromatic & Woody Notes|Long Lasting Scent| Eau de Parfum  -  100 ml(For Men)",499
2025-06-19 11:17:46,U.S. POLO ASSN. Men Lace Up Sneaker Shoes,2492
2025-06-19 11:17:47,"BELLAVITA ELITE MAN perfume with Citrus, Aromatic & Woody Notes|Long Lasting Scent| Eau de Parfum  -  100 ml(For Men)",499
2025-06-19 11:18:52,U.S. POLO ASSN. Men Lace Up Sneaker Shoes,2492
2025-06-19 11:18:53,"BELLAVITA ELITE MAN perfume with Citrus, Aromatic & Woody Notes|Long Lasting Scent| Eau de Parfum  -  100 ml(For Men)",499
2025-06-19 11:19:57,U.S. POLO ASSN. Men Lace Up Sneaker Shoes,2492
2025-06-19 11:19:58,"BELLAVITA ELITE MAN perfume with Citrus, Aromatic & Woody Notes|Long Lasting Scent| Eau de Parfum  -  100 ml(For Men)",499
2025-06-19 11:21:02,U.S. POLO ASSN. Men Lace Up Sneaker Shoes,2492
2025-06-19 11:22:06,U.S. POLO ASSN. Men Lace Up Sneaker Shoes,2492
2025-06-19 11:23:12,U.S. POLO ASSN. Men Lace Up Sneaker Shoes,2492
2025-06-19 11:23:13,"BELLAVITA ELITE MAN perfume with Citrus, Aromatic & Woody Notes|Long Lasting Scent| Eau de Parfum  -  100 ml(For Men)",499
2025-06-19 11:24:18,U.S. POLO ASSN. Men Lace Up Sneaker Shoes,2492
2025-06-19 11:24:19,"BELLAVITA ELITE MAN perfume with Citrus, Aromatic & Woody Notes|Long Lasting Scent| Eau de Parfum  -  100 ml(For Men)",499
2025-06-19 11:25:24,U.S. POLO ASSN. Men Lace Up Sneaker Shoes,2492
2025-06-19 11:25:25,"BELLAVITA ELITE MAN perfume with Citrus, Aromatic & Woody Notes|Long Lasting Scent| Eau de Parfum  -  100 ml(For Men)",499
2025-06-19 11:26:30,U.S. POLO ASSN. Men Lace Up Sneaker Shoes,2492
2025-06-19 11:26:31,"BELLAVITA ELITE MAN perfume with Citrus, Aromatic & Woody Notes|Long Lasting Scent| Eau de Parfum  -  100 ml(For Men)",499
2025-06-19 11:27:37,U.S. POLO ASSN. Men Lace Up Sneaker Shoes,2492
2025-06-19 11:27:37,"BELLAVITA ELITE MAN perfume with Citrus, Aromatic & Woody Notes|Long Lasting Scent| Eau de Parfum  -  100 ml(For Men)",499
2025-06-19 11:28:43,U.S. POLO ASSN. Men Lace Up Sneaker Shoes,2492
2025-06-19 11:28:43,"BELLAVITA ELITE MAN perfume with Citrus, Aromatic & Woody Notes|Long Lasting Scent| Eau de Parfum  -  100 ml(For Men)",499
2025-06-19 11:29:50,U.S. POLO ASSN. Men Lace Up Sneaker Shoes,2492
2025-06-19 11:29:51,"BELLAVITA ELITE MAN perfume with Citrus, Aromatic & Woody Notes|Long Lasting Scent| Eau de Parfum  -  100 ml(For Men)",499
2025-06-19 11:30:57,U.S. POLO ASSN. Men Lace Up Sneaker Shoes,2492
2025-06-19 11:30:58,"BELLAVITA ELITE MAN perfume with Citrus, Aromatic & Woody Notes|Long Lasting Scent| Eau de Parfum  -  100 ml(For Men)",499
2025-06-19 11:32:03,U.S. POLO ASSN. Men Lace Up Sneaker Shoes,2492
2025-06-19 11:32:04,"BELLAVITA ELITE MAN perfume with Citrus, Aromatic & Woody Notes|Long Lasting Scent| Eau de Parfum  -  100 ml(For Men)",499
2025-06-19 11:33:09,U.S. POLO ASSN. Men Lace Up Sneaker Shoes,2492
2025-06-19 11:34:53,U.S. POLO ASSN. Men Lace Up Sneaker Shoes,2492
2025-06-19 11:34:55,"BELLAVITA ELITE MAN perfume with Citrus, Aromatic & Woody Notes|Long Lasting Scent| Eau de Parfum  -  100 ml(For Men)",499
2025-06-19 11:36:01,U.S. POLO ASSN. Men Lace Up Sneaker Shoes,2492
2025-06-19 11:36:02,"BELLAVITA ELITE MAN perfume with Citrus, Aromatic & Woody Notes|Long Lasting Scent| Eau de Parfum  -  100 ml(For Men)",499
2025-06-19 11:37:08,U.S. POLO ASSN. Men Lace Up Sneaker Shoes,2492
2025-06-19 11:37:09,"BELLAVITA ELITE MAN perfume with Citrus, Aromatic & Woody Notes|Long Lasting Scent| Eau de Parfum  -  100 ml(For Men)",499
2025-06-19 11:38:15,U.S. POLO ASSN. Men Lace Up Sneaker Shoes,2492
2025-06-19 11:38:15,"BELLAVITA ELITE MAN perfume with Citrus, Aromatic & Woody Notes|Long Lasting Scent| Eau de Parfum  -  100 ml(For Men)",499
2025-06-19 11:39:39,U.S. POLO ASSN. Men Lace Up Sneaker Shoes,2492
2025-06-19 11:39:40,"BELLAVITA ELITE MAN perfume with Citrus, Aromatic & Woody Notes|Long Lasting Scent| Eau de Parfum  -  100 ml(For Men)",499
2025-06-19 11:40:46,U.S. POLO ASSN. Men Lace Up Sneaker Shoes,2492
2025-06-19 11:40:47,"BELLAVITA ELITE MAN perfume with Citrus, Aromatic & Woody Notes|Long Lasting Scent| Eau de Parfum  -  100 ml(For Men)",499
2025-06-19 11:42:42,U.S. POLO ASSN. Men Lace Up Sneaker Shoes,2492
2025-06-19 11:42:45,"BELLAVITA ELITE MAN perfume with Citrus, Aromatic & Woody Notes|Long Lasting Scent| Eau de Parfum  -  100 ml(For Men)",499
2025-06-19 11:44:43,U.S. POLO ASSN. Men Lace Up Sneaker Shoes,2492
2025-06-19 11:44:44,"BELLAVITA ELITE MAN perfume with Citrus, Aromatic & Woody Notes|Long Lasting Scent| Eau de Parfum  -  100 ml(For Men)",499
2025-06-19 11:45:49,U.S. POLO ASSN. Men Lace Up Sneaker Shoes,2492
2025-06-19 11:45:51,"BELLAVITA ELITE MAN perfume with Citrus, Aromatic & Woody Notes|Long Lasting Scent| Eau de Parfum  -  100 ml(For Men)",499
2025-06-19 11:47:42,U.S. POLO ASSN. Men Lace Up Sneaker Shoes,2492
2025-06-19 11:47:43,"BELLAVITA ELITE MAN perfume with Citrus, Aromatic & Woody Notes|Long Lasting Scent| Eau de Parfum  -  100 ml(For Men)",499
2025-06-19 11:48:49,U.S. POLO ASSN. Men Lace Up Sneaker Shoes,2492
2025-06-19 11:48:50,"BELLAVITA ELITE MAN perfume with Citrus, Aromatic & Woody Notes|Long Lasting Scent| Eau de Parfum  -  100 ml(For Men)",499
2025-06-19 11:49:55,U.S. POLO ASSN. Men Lace Up Sneaker Shoes,2492
2025-06-19 11:49:57,"BELLAVITA ELITE MAN perfume with Citrus, Aromatic & Woody Notes|Long Lasting Scent| Eau de Parfum  -  100 ml(For Men)",499
2025-06-19 11:51:32,U.S. POLO ASSN. Men Lace Up Sneaker Shoes,2492
2025-06-19 11:51:32,"BELLAVITA ELITE MAN perfume with Citrus, Aromatic & Woody Notes|Long Lasting Scent| Eau de Parfum  -  100 ml(For Men)",499
2025-06-19 11:52:40,U.S. POLO ASSN. Men Lace Up Sneaker Shoes,2492
2025-06-19 11:52:41,"BELLAVITA ELITE MAN perfume with Citrus, Aromatic & Woody Notes|Long Lasting Scent| Eau de Parfum  -  100 ml(For Men)",499
2025-06-19 12:15:38,U.S. POLO ASSN. Men Lace Up Sneaker Shoes,2492
2025-06-19 12:16:45,U.S. POLO ASSN. Men Lace Up Sneaker Shoes,2492
2025-06-19 12:16:46,"BELLAVITA ELITE MAN perfume with Citrus, Aromatic & Woody Notes|Long Lasting Scent| Eau de Parfum  -  100 ml(For Men)",499
2025-06-19 12:20:54,U.S. POLO ASSN. Men Lace Up Sneaker Shoes,2492
2025-06-19 12:20:55,"BELLAVITA ELITE MAN perfume with Citrus, Aromatic & Woody Notes|Long Lasting Scent| Eau de Parfum  -  100 ml(For Men)",499
2025-06-19 12:22:00,U.S. POLO ASSN. Men Lace Up Sneaker Shoes,2492
2025-06-19 12:22:00,"BELLAVITA ELITE MAN perfume with Citrus, Aromatic & Woody Notes|Long Lasting Scent| Eau de Parfum  -  100 ml(For Men)",499
2025-06-19 12:23:06,U.S. POLO ASSN. Men Lace Up Sneaker Shoes,2492
2025-06-19 12:23:08,"BELLAVITA ELITE MAN perfume with Citrus, Aromatic & Woody Notes|Long Lasting Scent| Eau de Parfum  -  100 ml(For Men)",499
2025-06-19 12:24:14,U.S. POLO ASSN. Men Lace Up Sneaker Shoes,2492
2025-06-19 12:24:15,"BELLAVITA ELITE MAN perfume with Citrus, Aromatic & Woody Notes|Long Lasting Scent| Eau de Parfum  -  100 ml(For Men)",499
2025-06-19 12:25:22,U.S. POLO ASSN. Men Lace Up Sneaker Shoes,2492
2025-06-19 12:25:22,"BELLAVITA ELITE MAN perfume with Citrus, Aromatic & Woody Notes|Long Lasting Scent| Eau de Parfum  -  100 ml(For Men)",499
2025-06-19 12:26:28,U.S. POLO ASSN. Men Lace Up Sneaker Shoes,2492
2025-06-19 12:26:29,"BELLAVITA ELITE MAN perfume with Citrus, Aromatic & Woody Notes|Long Lasting Scent| Eau de Parfum  -  100 ml(For Men)",499
2025-06-19 12:27:36,U.S. POLO ASSN. Men Lace Up Sneaker Shoes,2492
2025-06-19 12:27:37,"BELLAVITA ELITE MAN perfume with Citrus, Aromatic & Woody Notes|Long Lasting Scent| Eau de Parfum  -  100 ml(For Men)",499
2025-06-19 12:28:45,U.S. POLO ASSN. Men Lace Up Sneaker Shoes,2492
2025-06-19 12:28:47,"BELLAVITA ELITE MAN perfume with Citrus, Aromatic & Woody Notes|Long Lasting Scent| Eau de Parfum  -  100 ml(For Men)",499
2025-06-19 12:29:56,U.S. POLO ASSN. Men Lace Up Sneaker Shoes,2492
2025-06-19 12:29:57,"BELLAVITA ELITE MAN perfume with Citrus, Aromatic & Woody Notes|Long Lasting Scent| Eau de Parfum  -  100 ml(For Men)",499
2025-06-19 12:31:04,U.S. POLO ASSN. Men Lace Up Sneaker Shoes,2492
2025-06-19 12:31:05,"BELLAVITA ELITE MAN perfume with Citrus, Aromatic & Woody Notes|Long Lasting Scent| Eau de Parfum  -  100 ml(For Men)",499
2025-06-19 12:32:12,U.S. POLO ASSN. Men Lace Up Sneaker Shoes,2492
2025-06-19 12:32:13,"BELLAVITA ELITE MAN perfume with Citrus, Aromatic & Woody Notes|Long Lasting Scent| Eau de Parfum  -  100 ml(For Men)",499
2025-06-19 12:33:21,U.S. POLO ASSN. Men Lace Up Sneaker Shoes,2492
2025-06-19 12:34:28,U.S. POLO ASSN. Men Lace Up Sneaker Shoes,2492
2025-06-19 12:34:30,"BELLAVITA ELITE MAN perfume with Citrus, Aromatic & Woody Notes|Long Lasting Scent| Eau de Parfum  -  100 ml(For Men)",499
2025-06-19 12:35:36,U.S. POLO ASSN. Men Lace Up Sneaker Shoes,2492
2025-06-19 12:35:37,"BELLAVITA ELITE MAN perfume with Citrus, Aromatic & Woody Notes|Long Lasting Scent| Eau de Parfum  -  100 ml(For Men)",499
2025-06-19 12:36:43,U.S. POLO ASSN. Men Lace Up Sneaker Shoes,2492
2025-06-19 12:36:44,"BELLAVITA ELITE MAN perfume with Citrus, Aromatic & Woody Notes|Long Lasting Scent| Eau de Parfum  -  100 ml(For Men)",499
2025-06-19 12:37:50,U.S. POLO ASSN. Men Lace Up Sneaker Shoes,2492
2025-06-19 12:37:51,"BELLAVITA ELITE MAN perfume with Citrus, Aromatic & Woody Notes|Long Lasting Scent| Eau de Parfum  -  100 ml(For Men)",499
